Unnamed: 0,recall@1,recall@2,recall@3,recall@4,recall@5,recall@6,recall@8,recall@10,recall@20,recall@50,recall@100
bert-base-german-cased-GermanDPR-XQA-HP-1neg-epoch1,0.34053426248547036,0.4543554006968461,0.5128919860626996,0.5502903600464463,0.5802555168408768,0.6011614401858284,0.6325203252032557,0.6576074332171976,0.7293844367015313,0.8097560975610117,0.8550522648084068
GermanDPR-XQA-HP-10neg-DPRe1p7-XQAe1p18-HPe1p19,0.2739000230361705,0.3729555401981167,0.4266298087998224,0.4618751439760498,0.4867542041004455,0.511863625892657,0.5438838977194179,0.5701451278507182,0.6514627965906219,0.744989633724902,0.8032711356829633

