Unnamed: 0,recall@1,recall@2,recall@3,recall@4,recall@5,recall@6,recall@8,recall@10,recall@20,recall@50,recall@100
GermanDPR-XQA-HP-10neg-DPRe1p1-XQAe1p1-HPe1p19,0.2674498963372531,0.3591338401290079,0.4058972586961593,0.4432158488827529,0.4692467173462411,0.4892881824464488,0.5190048375950281,0.5436535360515995,0.6141442064040372,0.7055977885279515,0.7664132688320154
