,recall@1,recall@2,recall@3,recall@4,recall@5,recall@6,recall@8,recall@10,recall@20,recall@50,recall@100
bert-base-german-cased-GermanDPR-epoch1,0.1289198606271779,0.1823461091753747,0.2192799070847803,0.2436701509872179,0.2659698025551609,0.2803716608594574,0.3096399535423826,0.3303135888501631,0.3930313588850028,0.4810685249709445,0.5488966318234495
bert-base-german-cased-GermanDPR-epoch2,0.1042973286875729,0.1495934959349584,0.1830429732868729,0.2099883855981373,0.2264808362369285,0.2434378629500518,0.2685249709639877,0.2880371660859379,0.3567944250870954,0.447851335656196,0.511730545876869
bert-base-german-cased-GermanDPR-XQA-epoch1,0.2585365853658466,0.348896631823449,0.40139372822298147,0.4301974448315745,0.450871080139355,0.47386759581879623,0.5026713124273899,0.5221835075493447,0.5911730545876849,0.6664343786295105,0.7152148664343975
